{"cameraMode":{"drawMode":0,"name":"Shaded","section":"Shading Mode"},"sceneLighting":true,"audioPlay":false,"sceneViewState":{"m_AlwaysRefresh":false,"showFog":true,"showSkybox":true,"showFlares":true,"showImageEffects":true,"showParticleSystems":true,"showVisualEffectGraphs":true,"m_FxEnabled":false},"in2DMode":false,"pivot":{"x":17.41969108581543,"y":18.471851348876954,"z":54.78314208984375},"rotation":{"x":0.41114911437034609,"y":-0.025973547250032426,"z":0.01172130648046732,"w":0.9111197590827942},"size":84.21792602539063,"orthographic":true}